{
  "paper_05": {
    "constraint_memory": {
      "clinical_status": "toy model; not CKD, fibrosis, or metabolic disease validation",
      "diagnostic": "constraint_memory",
      "final_state": {
        "C": {
          "all_finite": true,
          "max": 25.0,
          "mean": 3.9349600961056206,
          "min": 1.0876197589824435
        },
        "Ms": {
          "all_finite": true,
          "max": 1.0794999999999613,
          "mean": 1.008833333333329,
          "min": 1.0
        },
        "S": {
          "all_finite": true,
          "max": 1.0,
          "mean": 1.0,
          "min": 1.0
        },
        "meta": {
          "life_number": 0.1081258865147193,
          "ool_C_electron": 0.39057373239940024,
          "ool_C_input": 4.049601484232682,
          "ool_C_proton": 0.5467163150607841,
          "ool_C_stability": 0.12504096826954184,
          "ool_J_max": 0.12504096826954184,
          "ool_S_stability": 7.997378889808114,
          "ool_sigma_e": 0.39057373239940024,
          "ool_sigma_p": 0.5467163150607841,
          "ool_transport_factor": 0.4736371184683911,
          "throughput_J": 1.9476684116330543
        },
        "phi": {
          "all_finite": true,
          "max": 24.975,
          "mean": 4.046823706454905,
          "min": 1.4233151756473459
        },
        "psi_s": {
          "all_finite": true,
          "max": 1.3086514509252505,
          "mean": 1.2284644018339723,
          "min": 0.28968888550820776
        },
        "regime": "overload",
        "t": 8.38
      },
      "interpretation": "A low-relaxation region retains elevated constraint and memory after a transient load."
    },
    "metabolic_saturation": {
      "clinical_status": "toy model; not diabetes clinical guidance",
      "diagnostic": "metabolic_saturation",
      "final_state": {
        "C": {
          "all_finite": true,
          "max": 19.23666397071161,
          "mean": 10.664501278505867,
          "min": 2.533482417339506
        },
        "Ms": {
          "all_finite": true,
          "max": 1.0,
          "mean": 1.0,
          "min": 1.0
        },
        "S": {
          "all_finite": true,
          "max": 1.0,
          "mean": 1.0,
          "min": 1.0
        },
        "meta": {
          "life_number": 0.9308004493218208,
          "ool_C_electron": 0.05608848091968199,
          "ool_C_input": 23.765816866193223,
          "ool_C_proton": 4.6703418986094345,
          "ool_C_stability": 0.14951387083987744,
          "ool_J_max": 0.05608848091968199,
          "ool_S_stability": 6.688342655986444,
          "ool_sigma_e": 0.05608848091968199,
          "ool_sigma_p": 4.6703418986094345,
          "ool_transport_factor": 0.5211637710502698,
          "throughput_J": 6.358700707661823
        },
        "phi": {
          "all_finite": true,
          "max": 24.975,
          "mean": 23.74220575508211,
          "min": 2.783118041345088
        },
        "psi_s": {
          "all_finite": true,
          "max": 2.4698382473730796,
          "mean": 2.2474508713999333,
          "min": 0.6827808367591885
        },
        "regime": "overload",
        "t": 7.18
      },
      "interpretation": "Sustained substrate drive raises local constraint and produces a plateau-like operating ratio."
    }
  },
  "paper_07": {
    "clinical_status": "toy model; candidate analogy for oncology, viral foci, or biofilm systems only",
    "diagnostic": "parasitic_drain",
    "final_state": {
      "C": {
        "all_finite": true,
        "max": 10.253074617871928,
        "mean": 1.4714777090018476,
        "min": 1.061830176394531
      },
      "Ms": {
        "all_finite": true,
        "max": 1.0,
        "mean": 1.0,
        "min": 1.0
      },
      "S": {
        "all_finite": true,
        "max": 1.0,
        "mean": 0.9577551020408164,
        "min": 0.08
      },
      "meta": {
        "life_number": 0.09442536870530449,
        "ool_C_electron": 0.442758781132648,
        "ool_C_input": 2.345579872896103,
        "ool_C_proton": 0.47195053808516696,
        "ool_C_stability": 0.19265256434511419,
        "ool_J_max": 0.19265256434511419,
        "ool_S_stability": 5.1906913536256845,
        "ool_sigma_e": 0.442758781132648,
        "ool_sigma_p": 0.47195053808516696,
        "ool_transport_factor": 0.33972169001537644,
        "throughput_J": 5.00551530229754
      },
      "phi": {
        "all_finite": true,
        "max": 25.0,
        "mean": 2.3454523218756944,
        "min": 1.2541027245183942
      },
      "psi_s": {
        "all_finite": true,
        "max": 1.1810765529161444,
        "mean": 1.1148782107996615,
        "min": 0.19486837602033313
      },
      "regime": "stable",
      "t": 5.98
    },
    "interpretation": "A high-flow, low-responsiveness node perturbs the surrounding operating ratio."
  },
  "paper_08": {
    "clinical_status": "toy model; not an autoimmune treatment protocol",
    "diagnostic": "autoimmune_boundary",
    "global_final": {
      "C": {
        "all_finite": true,
        "max": 1.9600000000000009,
        "mean": 1.9600000000000009,
        "min": 1.9600000000000009
      },
      "Ms": {
        "all_finite": true,
        "max": 1.12,
        "mean": 1.1200000000000003,
        "min": 1.12
      },
      "S": {
        "all_finite": true,
        "max": 0.5199999999999996,
        "mean": 0.5199999999999996,
        "min": 0.5199999999999996
      },
      "meta": {
        "autoimmune_state_active": true,
        "treatment_type": "global_immunosuppression"
      },
      "phi": {
        "all_finite": true,
        "max": 1.0,
        "mean": 1.0,
        "min": 1.0
      },
      "psi_s": {
        "all_finite": true,
        "max": 0.2971428571428568,
        "mean": 0.2971428571428567,
        "min": 0.2971428571428568
      },
      "regime": "constrained",
      "t": 4.78
    },
    "interpretation": "The model contrasts global responsiveness suppression with a memory-targeted toy intervention.",
    "targeted_final": {
      "C": {
        "all_finite": true,
        "max": 1.9600000000000009,
        "mean": 1.9600000000000009,
        "min": 1.9600000000000009
      },
      "Ms": {
        "all_finite": true,
        "max": 1.0,
        "mean": 1.0,
        "min": 1.0
      },
      "S": {
        "all_finite": true,
        "max": 1.0,
        "mean": 1.0,
        "min": 1.0
      },
      "meta": {
        "autoimmune_state_active": true,
        "treatment_type": "afl_targeted_clearance"
      },
      "phi": {
        "all_finite": true,
        "max": 1.0,
        "mean": 1.0,
        "min": 1.0
      },
      "psi_s": {
        "all_finite": true,
        "max": 0.5102040816326529,
        "mean": 0.5102040816326527,
        "min": 0.5102040816326529
      },
      "regime": "constrained",
      "t": 4.78
    }
  },
  "paper_09": {
    "cross_axis": {
      "clinical_status": "toy model; not a drug recommendation or safety model",
      "diagnostic": "cross_axis_flux_relaxation",
      "drugs": [
        {
          "effect": -0.08,
          "target": "phi"
        },
        {
          "effect": 0.055,
          "target": "beta"
        }
      ],
      "final_state": {
        "C": {
          "all_finite": true,
          "max": 1.45,
          "mean": 1.4499999999999995,
          "min": 1.45
        },
        "Ms": {
          "all_finite": true,
          "max": 1.0,
          "mean": 1.0,
          "min": 1.0
        },
        "S": {
          "all_finite": true,
          "max": 1.0,
          "mean": 1.0,
          "min": 1.0
        },
        "meta": {
          "ischemia_warning": false,
          "synergy_status": "ORTHOGONAL SYNERGY: Optimal Psi_s recovery."
        },
        "phi": {
          "all_finite": true,
          "max": 0.35999999999999943,
          "mean": 0.35999999999999943,
          "min": 0.35999999999999943
        },
        "psi_s": {
          "all_finite": true,